<?xml version="1.0" encoding="UTF-8"?>

<mule xmlns:db="http://www.mulesoft.org/schema/mule/db" xmlns:vm="http://www.mulesoft.org/schema/mule/vm" xmlns:tracking="http://www.mulesoft.org/schema/mule/ee/tracking" xmlns="http://www.mulesoft.org/schema/mule/core" xmlns:doc="http://www.mulesoft.org/schema/mule/documentation"
	xmlns:spring="http://www.springframework.org/schema/beans" 
	xmlns:xsi="http://www.w3.org/2001/XMLSchema-instance"
	xsi:schemaLocation="http://www.springframework.org/schema/beans http://www.springframework.org/schema/beans/spring-beans-current.xsd
http://www.mulesoft.org/schema/mule/core http://www.mulesoft.org/schema/mule/core/current/mule.xsd
http://www.mulesoft.org/schema/mule/db http://www.mulesoft.org/schema/mule/db/current/mule-db.xsd
http://www.mulesoft.org/schema/mule/vm http://www.mulesoft.org/schema/mule/vm/current/mule-vm.xsd
http://www.mulesoft.org/schema/mule/ee/tracking http://www.mulesoft.org/schema/mule/ee/tracking/current/mule-tracking-ee.xsd">
    <sub-flow name="P03-DB_To_MQ_AbstractFlow">
        <db:select config-ref="SQL_Server_Database" doc:name="Read DB">
            <db:dynamic-query><![CDATA[#[flowVars.query]]]></db:dynamic-query>
        </db:select>
        <foreach collection="#[payload]" doc:name="For Each Record">
            <vm:outbound-endpoint exchange-pattern="one-way" path="#[flowVars.queue]" doc:name="Save Message In Queue"/>
        </foreach>
    </sub-flow>
</mule>
