<?xml version="1.0" encoding="UTF-8"?>

<mule xmlns:schedulers="http://www.mulesoft.org/schema/mule/schedulers" xmlns:ftp="http://www.mulesoft.org/schema/mule/ee/ftp" xmlns:metadata="http://www.mulesoft.org/schema/mule/metadata" xmlns:file="http://www.mulesoft.org/schema/mule/file" xmlns:dw="http://www.mulesoft.org/schema/mule/ee/dw" xmlns:vm="http://www.mulesoft.org/schema/mule/vm" xmlns:http="http://www.mulesoft.org/schema/mule/http" xmlns:mulerequester="http://www.mulesoft.org/schema/mule/mulerequester" xmlns:tracking="http://www.mulesoft.org/schema/mule/ee/tracking" xmlns="http://www.mulesoft.org/schema/mule/core" xmlns:doc="http://www.mulesoft.org/schema/mule/documentation"
	xmlns:spring="http://www.springframework.org/schema/beans" 
	xmlns:xsi="http://www.w3.org/2001/XMLSchema-instance"
	xsi:schemaLocation="http://www.springframework.org/schema/beans http://www.springframework.org/schema/beans/spring-beans-current.xsd
http://www.mulesoft.org/schema/mule/core http://www.mulesoft.org/schema/mule/core/current/mule.xsd
http://www.mulesoft.org/schema/mule/http http://www.mulesoft.org/schema/mule/http/current/mule-http.xsd
http://www.mulesoft.org/schema/mule/mulerequester http://www.mulesoft.org/schema/mule/mulerequester/current/mule-mulerequester.xsd
http://www.mulesoft.org/schema/mule/ee/tracking http://www.mulesoft.org/schema/mule/ee/tracking/current/mule-tracking-ee.xsd
http://www.mulesoft.org/schema/mule/file http://www.mulesoft.org/schema/mule/file/current/mule-file.xsd
http://www.mulesoft.org/schema/mule/vm http://www.mulesoft.org/schema/mule/vm/current/mule-vm.xsd
http://www.mulesoft.org/schema/mule/ee/dw http://www.mulesoft.org/schema/mule/ee/dw/current/dw.xsd
http://www.mulesoft.org/schema/mule/ee/ftp http://www.mulesoft.org/schema/mule/ee/ftp/current/mule-ftp-ee.xsd
http://www.mulesoft.org/schema/mule/schedulers http://www.mulesoft.org/schema/mule/schedulers/current/mule-schedulers.xsd">
    <flow name="C21_Sync">
        <ftp:inbound-endpoint host="${ftp.host}" port="21" path="${ftp.path.c21}" user="${ftp.user}" password="${ftp.password}" passive="true" pollingFrequency="30000" responseTimeout="10000" doc:name="FTP"/>
        <dw:transform-message doc:name="Transform to WS Rest Messages (Array)">
            <dw:input-payload mimeType="application/csv"/>
            <dw:set-payload><![CDATA[%dw 1.0
%output application/java
---
payload map ((payload01 , indexOfPayload01) -> {
	client_id: payload01.client_id,
	client_name: payload01.client_name,
	client_country: payload01.client_country
})]]></dw:set-payload>
        </dw:transform-message>
        <vm:outbound-endpoint exchange-pattern="one-way" path="c21.queue.sync" doc:name="Save Message In Queue"/>
    </flow>
    <flow name="C21_Async">
        <poll doc:name="Cron">
            <schedulers:cron-scheduler expression="0 0/35 * 1/1 * ? *"/>
            <mulerequester:request resource="ftp://${ftp.user}:${ftp.password}@${ftp.host}/${ftp.path.c21}customers.csv" doc:name="Read CSV File"/>
        </poll>
        <dw:transform-message doc:name="Transform to WS Rest Message (Array)">
            <dw:set-payload><![CDATA[%dw 1.0
%output application/java
---
payload splitBy "\r\n" map {
	client_id: ($ splitBy ",")[0],
	client_name: ($ splitBy ",")[1],
	client_country: ($ splitBy ",")[2]
} filter ($.client_id != "client_id")]]></dw:set-payload>
            <dw:set-variable variableName="originalPayload"><![CDATA[%dw 1.0
%output application/csv
---
payload splitBy "\r\n" map {
	client_id: ($ splitBy ",")[0],
	client_name: ($ splitBy ",")[1],
	client_country: ($ splitBy ",")[2]
} filter ($.client_id != "client_id")]]></dw:set-variable>
        </dw:transform-message>
        <vm:outbound-endpoint exchange-pattern="one-way" path="c21.queue.async" doc:name="Save Message In Queue"/>
    </flow>
</mule>
