<custom__type__definition>
  <version>5.2.0.0</version>
  <typeName class="org.mule.common.metadata.DefaultMetaDataKey">
    <id>Flights_CSV</id>
    <displayName>Flights_CSV</displayName>
    <category>DEFAULT</category>
    <metaDataKeyPropertiesManager>
      <properties>
        <org.mule.common.metadata.key.property.dsql.DsqlFromMetaDataKeyProperty/>
      </properties>
    </metaDataKeyPropertiesManager>
  </typeName>
  <metadataModel class="org.mule.common.metadata.DefaultListMetaDataModel">
    <dataType>LIST</dataType>
    <metaDataModelPropertiesManager>
      <properties>
        <org.mule.tooling.metadata.properties.CSVSampleSettingsMetadataProperties>
          <sampleFilePath>src\main\resources\examples\flights.csv</sampleFilePath>
          <delimiter>,</delimiter>
          <rowsToIgnore>0</rowsToIgnore>
          <quotedString>false</quotedString>
          <relativePath>true</relativePath>
          <quoteChar>&quot;</quoteChar>
        </org.mule.tooling.metadata.properties.CSVSampleSettingsMetadataProperties>
        <org.mule.common.metadata.property.TextBasedExampleMetaDataModelProperty>
          <exampleContent>src\main\resources\examples\flights.csv</exampleContent>
        </org.mule.common.metadata.property.TextBasedExampleMetaDataModelProperty>
      </properties>
    </metaDataModelPropertiesManager>
    <model class="org.mule.common.metadata.DefaultStructuredMetadataModel">
      <dataType>CSV</dataType>
      <metaDataModelPropertiesManager>
        <properties>
          <org.mule.common.metadata.property.CSVHasHeadersMetaDataProperty>
            <hasHeaders>true</hasHeaders>
          </org.mule.common.metadata.property.CSVHasHeadersMetaDataProperty>
        </properties>
      </metaDataModelPropertiesManager>
      <fields>
        <org.mule.common.metadata.DefaultMetaDataField>
          <name>code</name>
          <model class="org.mule.common.metadata.DefaultSimpleMetaDataModel">
            <dataType>STRING</dataType>
            <metaDataModelPropertiesManager>
              <properties/>
            </metaDataModelPropertiesManager>
          </model>
          <accessType>READ</accessType>
          <metaDataFieldPropertyManager>
            <properties>
              <org.mule.common.metadata.property.LabelMetaDataProperty>
                <label>code</label>
              </org.mule.common.metadata.property.LabelMetaDataProperty>
            </properties>
          </metaDataFieldPropertyManager>
        </org.mule.common.metadata.DefaultMetaDataField>
        <org.mule.common.metadata.DefaultMetaDataField>
          <name>price</name>
          <model class="org.mule.common.metadata.DefaultSimpleMetaDataModel">
            <dataType>STRING</dataType>
            <metaDataModelPropertiesManager>
              <properties/>
            </metaDataModelPropertiesManager>
          </model>
          <accessType>READ</accessType>
          <metaDataFieldPropertyManager>
            <properties>
              <org.mule.common.metadata.property.LabelMetaDataProperty>
                <label>price</label>
              </org.mule.common.metadata.property.LabelMetaDataProperty>
            </properties>
          </metaDataFieldPropertyManager>
        </org.mule.common.metadata.DefaultMetaDataField>
        <org.mule.common.metadata.DefaultMetaDataField>
          <name>origin</name>
          <model class="org.mule.common.metadata.DefaultSimpleMetaDataModel">
            <dataType>STRING</dataType>
            <metaDataModelPropertiesManager>
              <properties/>
            </metaDataModelPropertiesManager>
          </model>
          <accessType>READ</accessType>
          <metaDataFieldPropertyManager>
            <properties>
              <org.mule.common.metadata.property.LabelMetaDataProperty>
                <label>origin</label>
              </org.mule.common.metadata.property.LabelMetaDataProperty>
            </properties>
          </metaDataFieldPropertyManager>
        </org.mule.common.metadata.DefaultMetaDataField>
        <org.mule.common.metadata.DefaultMetaDataField>
          <name>destination</name>
          <model class="org.mule.common.metadata.DefaultSimpleMetaDataModel">
            <dataType>STRING</dataType>
            <metaDataModelPropertiesManager>
              <properties/>
            </metaDataModelPropertiesManager>
          </model>
          <accessType>READ</accessType>
          <metaDataFieldPropertyManager>
            <properties>
              <org.mule.common.metadata.property.LabelMetaDataProperty>
                <label>destination</label>
              </org.mule.common.metadata.property.LabelMetaDataProperty>
            </properties>
          </metaDataFieldPropertyManager>
        </org.mule.common.metadata.DefaultMetaDataField>
        <org.mule.common.metadata.DefaultMetaDataField>
          <name>departureDate</name>
          <model class="org.mule.common.metadata.DefaultSimpleMetaDataModel">
            <dataType>STRING</dataType>
            <metaDataModelPropertiesManager>
              <properties/>
            </metaDataModelPropertiesManager>
          </model>
          <accessType>READ</accessType>
          <metaDataFieldPropertyManager>
            <properties>
              <org.mule.common.metadata.property.LabelMetaDataProperty>
                <label>departureDate</label>
              </org.mule.common.metadata.property.LabelMetaDataProperty>
            </properties>
          </metaDataFieldPropertyManager>
        </org.mule.common.metadata.DefaultMetaDataField>
        <org.mule.common.metadata.DefaultMetaDataField>
          <name>airlineName</name>
          <model class="org.mule.common.metadata.DefaultSimpleMetaDataModel">
            <dataType>STRING</dataType>
            <metaDataModelPropertiesManager>
              <properties/>
            </metaDataModelPropertiesManager>
          </model>
          <accessType>READ</accessType>
          <metaDataFieldPropertyManager>
            <properties>
              <org.mule.common.metadata.property.LabelMetaDataProperty>
                <label>airlineName</label>
              </org.mule.common.metadata.property.LabelMetaDataProperty>
            </properties>
          </metaDataFieldPropertyManager>
        </org.mule.common.metadata.DefaultMetaDataField>
        <org.mule.common.metadata.DefaultMetaDataField>
          <name>planeType</name>
          <model class="org.mule.common.metadata.DefaultSimpleMetaDataModel">
            <dataType>STRING</dataType>
            <metaDataModelPropertiesManager>
              <properties/>
            </metaDataModelPropertiesManager>
          </model>
          <accessType>READ</accessType>
          <metaDataFieldPropertyManager>
            <properties>
              <org.mule.common.metadata.property.LabelMetaDataProperty>
                <label>planeType</label>
              </org.mule.common.metadata.property.LabelMetaDataProperty>
            </properties>
          </metaDataFieldPropertyManager>
        </org.mule.common.metadata.DefaultMetaDataField>
        <org.mule.common.metadata.DefaultMetaDataField>
          <name>emptySeats</name>
          <model class="org.mule.common.metadata.DefaultSimpleMetaDataModel">
            <dataType>STRING</dataType>
            <metaDataModelPropertiesManager>
              <properties/>
            </metaDataModelPropertiesManager>
          </model>
          <accessType>READ</accessType>
          <metaDataFieldPropertyManager>
            <properties>
              <org.mule.common.metadata.property.LabelMetaDataProperty>
                <label>emptySeats</label>
              </org.mule.common.metadata.property.LabelMetaDataProperty>
            </properties>
          </metaDataFieldPropertyManager>
        </org.mule.common.metadata.DefaultMetaDataField>
      </fields>
    </model>
    <isArray>false</isArray>
  </metadataModel>
</custom__type__definition>