<?xml version="1.0" encoding="UTF-8"?>

<mule xmlns:schedulers="http://www.mulesoft.org/schema/mule/schedulers" xmlns:file="http://www.mulesoft.org/schema/mule/file" xmlns:dw="http://www.mulesoft.org/schema/mule/ee/dw" xmlns:db="http://www.mulesoft.org/schema/mule/db" xmlns:metadata="http://www.mulesoft.org/schema/mule/metadata" xmlns:vm="http://www.mulesoft.org/schema/mule/vm" xmlns:http="http://www.mulesoft.org/schema/mule/http" xmlns:mulerequester="http://www.mulesoft.org/schema/mule/mulerequester" xmlns:tracking="http://www.mulesoft.org/schema/mule/ee/tracking" xmlns="http://www.mulesoft.org/schema/mule/core" xmlns:doc="http://www.mulesoft.org/schema/mule/documentation"
	xmlns:spring="http://www.springframework.org/schema/beans" 
	xmlns:xsi="http://www.w3.org/2001/XMLSchema-instance"
	xsi:schemaLocation="http://www.springframework.org/schema/beans http://www.springframework.org/schema/beans/spring-beans-current.xsd
http://www.mulesoft.org/schema/mule/core http://www.mulesoft.org/schema/mule/core/current/mule.xsd
http://www.mulesoft.org/schema/mule/db http://www.mulesoft.org/schema/mule/db/current/mule-db.xsd
http://www.mulesoft.org/schema/mule/http http://www.mulesoft.org/schema/mule/http/current/mule-http.xsd
http://www.mulesoft.org/schema/mule/mulerequester http://www.mulesoft.org/schema/mule/mulerequester/current/mule-mulerequester.xsd
http://www.mulesoft.org/schema/mule/ee/tracking http://www.mulesoft.org/schema/mule/ee/tracking/current/mule-tracking-ee.xsd
http://www.mulesoft.org/schema/mule/vm http://www.mulesoft.org/schema/mule/vm/current/mule-vm.xsd
http://www.mulesoft.org/schema/mule/ee/dw http://www.mulesoft.org/schema/mule/ee/dw/current/dw.xsd
http://www.mulesoft.org/schema/mule/file http://www.mulesoft.org/schema/mule/file/current/mule-file.xsd
http://www.mulesoft.org/schema/mule/schedulers http://www.mulesoft.org/schema/mule/schedulers/current/mule-schedulers.xsd">
    <flow name="C12_Sync">
        <http:listener config-ref="ToyotaPOC_Listener" path="/C12" allowedMethods="GET" doc:name="Trigger Execution"/>
        <http:request config-ref="Flights_WS_REST" path="/essentials/united/flights" method="GET" doc:name="Invoke REST Service"/>
        <flow-ref name="C12_Bulk_Insert_Subflow" doc:name="Flow Reference"/>
    </flow>
    <flow name="C12_Async">
        <poll doc:name="Poll">
            <schedulers:cron-scheduler expression="0 0/26 * 1/1 * ? *"/>
            <http:request config-ref="Flights_WS_REST" path="/essentials/united/flights" method="GET" doc:name="Invoke REST Service"/>
        </poll>
        <flow-ref name="C12_Bulk_Insert_Subflow" doc:name="Flow Reference"/>
    </flow>
    <sub-flow name="C12_Bulk_Insert_Subflow">
        <dw:transform-message doc:name="Transform to Java Array" metadata:id="4b76e006-e70c-4238-869b-9e583a9d6b2e">
            <dw:input-payload mimeType="application/json"/>
            <dw:set-payload><![CDATA[%dw 1.0
%output application/java
---
payload.flights]]></dw:set-payload>
        </dw:transform-message>
        <set-variable variableName="query" value="#[&quot;&quot;]" doc:name="Create Query Variable"/>
        <foreach collection="#[payload]" doc:name="For Each Record">
            <dw:transform-message doc:name="Add Record to Query">
                <dw:set-variable variableName="query"><![CDATA[%dw 1.0
%output application/java
---
flowVars.query ++ "INSERT INTO flights (code,price,origin,destination,departureDate,airlineName,planeType,emptySeats) VALUES ('" ++ payload.code ++ "'," ++ payload.price ++ ",'" ++ payload.origin ++ "','" ++ payload.destination ++ "','" ++ payload.departureDate ++ "','" ++ payload.airlineName ++ "','" ++ payload.planeType ++ "'," ++ payload.emptySeats ++ ");\n"]]></dw:set-variable>
            </dw:transform-message>
        </foreach>
        <db:bulk-execute config-ref="MySQL_Database" doc:name="Insert Records into DB"><![CDATA[#[flowVars.query]]]></db:bulk-execute>
    </sub-flow>
</mule>
